ano,pais,quantidade_exportacao,valor_exportacao
2009,Afeganistao,0,0
2010,Afeganistao,0,0
2011,Afeganistao,0,0
2012,Afeganistao,0,0
2013,Afeganistao,0,0
2014,Afeganistao,0,0
2015,Afeganistao,0,0
2016,Afeganistao,0,0
2017,Afeganistao,0,0
2018,Afeganistao,0,0
2019,Afeganistao,0,0
2020,Afeganistao,0,0
2021,Afeganistao,11,46
2022,Afeganistao,0,0
2023,Afeganistao,0,0
2024,Afeganistao,0,0
2009,Africa do Sul,0,0
2010,Africa do Sul,0,0
2011,Africa do Sul,0,0
2012,Africa do Sul,0,0
2013,Africa do Sul,0,0
2014,Africa do Sul,0,0
2015,Africa do Sul,0,0
2016,Africa do Sul,0,0
2017,Africa do Sul,0,0
2018,Africa do Sul,0,0
2019,Africa do Sul,26,95
2020,Africa do Sul,4,21
2021,Africa do Sul,0,0
2022,Africa do Sul,0,0
2023,Africa do Sul,117,698
2024,Africa do Sul,103,1783
2009,Alemanha,225086,393482
2010,Alemanha,27715,138666
2011,Alemanha,36070,144150
2012,Alemanha,8189,56342
2013,Alemanha,61699,265978
2014,Alemanha,213348,761653
2015,Alemanha,10680,44780
2016,Alemanha,14012,68109
2017,Alemanha,15467,87702
2018,Alemanha,10794,45382
2019,Alemanha,3660,25467
2020,Alemanha,6261,32605
2021,Alemanha,2698,6741
2022,Alemanha,7630,45367
2023,Alemanha,4806,31853
2024,Alemanha,6666,48095
2009,Angola,54786,84235
2010,Angola,33557,189891
2011,Angola,13889,69001
2012,Angola,2833,8861
2013,Angola,1573,9300
2014,Angola,12182,23124
2015,Angola,1908,17089
2016,Angola,7359,35390
2017,Angola,10170,61680
2018,Angola,477,709
2019,Angola,345,1065
2020,Angola,0,0
2021,Angola,0,0
2022,Angola,4068,4761
2023,Angola,0,0
2024,Angola,0,0
2009,Anguilla,0,0
2010,Anguilla,0,0
2011,Anguilla,0,0
2012,Anguilla,0,0
2013,Anguilla,0,0
2014,Anguilla,0,0
2015,Anguilla,0,0
2016,Anguilla,0,0
2017,Anguilla,0,0
2018,Anguilla,0,0
2019,Anguilla,0,0
2020,Anguilla,0,0
2021,Anguilla,0,0
2022,Anguilla,0,0
2023,Anguilla,0,0
2024,Anguilla,0,0
2009,Antigua e Barbuda,0,0
2010,Antigua e Barbuda,0,0
2011,Antigua e Barbuda,0,0
2012,Antigua e Barbuda,0,0
2013,Antigua e Barbuda,0,0
2014,Antigua e Barbuda,0,0
2015,Antigua e Barbuda,0,0
2016,Antigua e Barbuda,0,0
2017,Antigua e Barbuda,0,0
2018,Antigua e Barbuda,37,191
2019,Antigua e Barbuda,219,1549
2020,Antigua e Barbuda,624,1864
2021,Antigua e Barbuda,805,2268
2022,Antigua e Barbuda,419,1866
2023,Antigua e Barbuda,383,1848
2024,Antigua e Barbuda,447,3329
2009,Antilhas Holandesas,8235,10651
2010,Antilhas Holandesas,9810,12808
2011,Antilhas Holandesas,7335,10188
2012,Antilhas Holandesas,9247,14081
2013,Antilhas Holandesas,11281,19565
2014,Antilhas Holandesas,4455,7169
2015,Antilhas Holandesas,6660,10545
2016,Antilhas Holandesas,16641,26450
2017,Antilhas Holandesas,5400,8550
2018,Antilhas Holandesas,0,0
2019,Antilhas Holandesas,0,0
2020,Antilhas Holandesas,0,0
2021,Antilhas Holandesas,0,0
2022,Antilhas Holandesas,0,0
2023,Antilhas Holandesas,0,0
2024,Antilhas Holandesas,0,0
2009,Arabia Saudita,0,0
2010,Arabia Saudita,0,0
2011,Arabia Saudita,0,0
2012,Arabia Saudita,0,0
2013,Arabia Saudita,0,0
2014,Arabia Saudita,0,0
2015,Arabia Saudita,0,0
2016,Arabia Saudita,0,0
2017,Arabia Saudita,0,0
2018,Arabia Saudita,0,0
2019,Arabia Saudita,0,0
2020,Arabia Saudita,0,0
2021,Arabia Saudita,0,0
2022,Arabia Saudita,0,0
2023,Arabia Saudita,124,142
2024,Arabia Saudita,32,54
2009,Argelia,0,0
2010,Argelia,0,0
2011,Argelia,0,0
2012,Argelia,0,0
2013,Argelia,0,0
2014,Argelia,0,0
2015,Argelia,0,0
2016,Argelia,0,0
2017,Argelia,0,0
2018,Argelia,0,0
2019,Argelia,0,0
2020,Argelia,0,0
2021,Argelia,0,0
2022,Argelia,0,0
2023,Argelia,0,0
2024,Argelia,6,87
2009,Argentina,162,4523
2010,Argentina,0,0
2011,Argentina,13253,55460
2012,Argentina,0,0
2013,Argentina,0,0
2014,Argentina,20385,95130
2015,Argentina,0,0
2016,Argentina,0,0
2017,Argentina,0,0
2018,Argentina,15711,59150
2019,Argentina,0,0
2020,Argentina,1015,4176
2021,Argentina,6,13
2022,Argentina,480,3232
2023,Argentina,4545,36133
2024,Argentina,21015,167696
2009,Aruba,0,0
2010,Aruba,0,0
2011,Aruba,900,1680
2012,Aruba,0,0
2013,Aruba,0,0
2014,Aruba,450,755
2015,Aruba,0,0
2016,Aruba,0,0
2017,Aruba,0,0
2018,Aruba,0,0
2019,Aruba,0,0
2020,Aruba,0,0
2021,Aruba,0,0
2022,Aruba,0,0
2023,Aruba,0,0
2024,Aruba,0,0
2009,Australia,1014,9195
2010,Australia,1823,17960
2011,Australia,3632,40704
2012,Australia,9345,56045
2013,Australia,16707,101715
2014,Australia,6308,43709
2015,Australia,7437,48011
2016,Australia,1954,13799
2017,Australia,1350,7500
2018,Australia,2055,6902
2019,Australia,1161,4682
2020,Australia,1013,3413
2021,Australia,705,4034
2022,Australia,1424,12299
2023,Australia,2485,13565
2024,Australia,2070,19152
2009,Austria,0,0
2010,Austria,0,0
2011,Austria,0,0
2012,Austria,0,0
2013,Austria,0,0
2014,Austria,0,0
2015,Austria,0,0
2016,Austria,675,5220
2017,Austria,0,0
2018,Austria,0,0
2019,Austria,0,0
2020,Austria,0,0
2021,Austria,0,0
2022,Austria,6,212
2023,Austria,0,0
2024,Austria,0,0
2009,Bahamas,0,0
2010,Bahamas,3175,12759
2011,Bahamas,4529,28810
2012,Bahamas,1374,12087
2013,Bahamas,581,5145
2014,Bahamas,0,0
2015,Bahamas,0,0
2016,Bahamas,0,0
2017,Bahamas,0,0
2018,Bahamas,141,634
2019,Bahamas,791,3124
2020,Bahamas,1212,3703
2021,Bahamas,1083,4567
2022,Bahamas,1215,5799
2023,Bahamas,1348,7402
2024,Bahamas,1632,7457
2009,Bangladesh,0,0
2010,Bangladesh,0,0
2011,Bangladesh,0,0
2012,Bangladesh,0,0
2013,Bangladesh,0,0
2014,Bangladesh,0,0
2015,Bangladesh,0,0
2016,Bangladesh,0,0
2017,Bangladesh,0,0
2018,Bangladesh,0,0
2019,Bangladesh,0,0
2020,Bangladesh,3,29
2021,Bangladesh,2,20
2022,Bangladesh,7,84
2023,Bangladesh,0,0
2024,Bangladesh,0,0
2009,Barbados,0,0
2010,Barbados,0,0
2011,Barbados,0,0
2012,Barbados,0,0
2013,Barbados,0,0
2014,Barbados,0,0
2015,Barbados,0,0
2016,Barbados,0,0
2017,Barbados,0,0
2018,Barbados,0,0
2019,Barbados,36,394
2020,Barbados,143,169
2021,Barbados,216,844
2022,Barbados,220,1145
2023,Barbados,58,303
2024,Barbados,773,580
2009,Barein,0,0
2010,Barein,0,0
2011,Barein,0,0
2012,Barein,0,0
2013,Barein,0,0
2014,Barein,0,0
2015,Barein,0,0
2016,Barein,0,0
2017,Barein,0,0
2018,Barein,0,0
2019,Barein,482,2144
2020,Barein,8,28
2021,Barein,302,894
2022,Barein,979,2789
2023,Barein,283,1684
2024,Barein,178,1044
2009,Belgica,125962,58764
2010,Belgica,42532,185411
2011,Belgica,11802,62339
2012,Belgica,16132,90718
2013,Belgica,22461,95893
2014,Belgica,151320,704093
2015,Belgica,4473,26399
2016,Belgica,7200,46534
2017,Belgica,2790,16405
2018,Belgica,7497,52799
2019,Belgica,2498,12548
2020,Belgica,3166,20460
2021,Belgica,483,3749
2022,Belgica,828,6145
2023,Belgica,95,683
2024,Belgica,960,8334
2009,Belize,0,0
2010,Belize,0,0
2011,Belize,0,0
2012,Belize,0,0
2013,Belize,0,0
2014,Belize,0,0
2015,Belize,0,0
2016,Belize,0,0
2017,Belize,0,0
2018,Belize,0,0
2019,Belize,9,29
2020,Belize,0,0
2021,Belize,0,0
2022,Belize,0,0
2023,Belize,0,0
2024,Belize,0,0
2009,Benin,0,0
2010,Benin,0,0
2011,Benin,0,0
2012,Benin,0,0
2013,Benin,0,0
2014,Benin,0,0
2015,Benin,0,0
2016,Benin,5040,20333
2017,Benin,0,0
2018,Benin,0,0
2019,Benin,9,9
2020,Benin,0,0
2021,Benin,0,0
2022,Benin,0,0
2023,Benin,0,0
2024,Benin,0,0
2009,Bermudas,0,0
2010,Bermudas,0,0
2011,Bermudas,0,0
2012,Bermudas,0,0
2013,Bermudas,0,0
2014,Bermudas,0,0
2015,Bermudas,0,0
2016,Bermudas,0,0
2017,Bermudas,0,0
2018,Bermudas,0,0
2019,Bermudas,0,0
2020,Bermudas,0,0
2021,Bermudas,0,0
2022,Bermudas,0,0
2023,Bermudas,16,153
2024,Bermudas,102,823
2009,Bolivia,40463,20729
2010,Bolivia,54,282
2011,Bolivia,12775,20215
2012,Bolivia,11868,16804
2013,Bolivia,19147,25998
2014,Bolivia,12534,18303
2015,Bolivia,10674,12990
2016,Bolivia,13586,16902
2017,Bolivia,9495,23085
2018,Bolivia,21566,57424
2019,Bolivia,0,0
2020,Bolivia,9900,16025
2021,Bolivia,5850,8360
2022,Bolivia,32530,49011
2023,Bolivia,21926,36950
2024,Bolivia,20334,30293
2009,Bosnia-Herzegovina,0,0
2010,Bosnia-Herzegovina,0,0
2011,Bosnia-Herzegovina,0,0
2012,Bosnia-Herzegovina,0,0
2013,Bosnia-Herzegovina,0,0
2014,Bosnia-Herzegovina,0,0
2015,Bosnia-Herzegovina,0,0
2016,Bosnia-Herzegovina,0,0
2017,Bosnia-Herzegovina,0,0
2018,Bosnia-Herzegovina,0,0
2019,Bosnia-Herzegovina,0,0
2020,Bosnia-Herzegovina,45,52
2021,Bosnia-Herzegovina,0,0
2022,Bosnia-Herzegovina,0,0
2023,Bosnia-Herzegovina,0,0
2024,Bosnia-Herzegovina,0,0
2009,Brasil,0,0
2010,Brasil,0,0
2011,Brasil,0,0
2012,Brasil,0,0
2013,Brasil,0,0
2014,Brasil,0,0
2015,Brasil,0,0
2016,Brasil,0,0
2017,Brasil,0,0
2018,Brasil,0,0
2019,Brasil,0,0
2020,Brasil,0,0
2021,Brasil,31,46
2022,Brasil,2504,952
2023,Brasil,0,0
2024,Brasil,96,244
2009,Bulgaria,0,0
2010,Bulgaria,0,0
2011,Bulgaria,0,0
2012,Bulgaria,0,0
2013,Bulgaria,0,0
2014,Bulgaria,0,0
2015,Bulgaria,0,0
2016,Bulgaria,0,0
2017,Bulgaria,117,1579
2018,Bulgaria,0,0
2019,Bulgaria,0,0
2020,Bulgaria,0,0
2021,Bulgaria,0,0
2022,Bulgaria,5,31
2023,Bulgaria,0,0
2024,Bulgaria,18,184
2009,Cabo Verde,0,0
2010,Cabo Verde,11991,49366
2011,Cabo Verde,600,825
2012,Cabo Verde,0,0
2013,Cabo Verde,0,0
2014,Cabo Verde,0,0
2015,Cabo Verde,0,0
2016,Cabo Verde,0,0
2017,Cabo Verde,0,0
2018,Cabo Verde,18,48
2019,Cabo Verde,0,0
2020,Cabo Verde,0,0
2021,Cabo Verde,16,124
2022,Cabo Verde,0,0
2023,Cabo Verde,0,0
2024,Cabo Verde,0,0
2009,Camaroes,0,0
2010,Camaroes,0,0
2011,Camaroes,0,0
2012,Camaroes,0,0
2013,Camaroes,0,0
2014,Camaroes,0,0
2015,Camaroes,0,0
2016,Camaroes,0,0
2017,Camaroes,1749,7476
2018,Camaroes,0,0
2019,Camaroes,0,0
2020,Camaroes,0,178
2021,Camaroes,0,0
2022,Camaroes,0,0
2023,Camaroes,0,0
2024,Camaroes,0,0
2009,Canada,15664,73445
2010,Canada,0,0
2011,Canada,28906,128076
2012,Canada,14304,146035
2013,Canada,25329,174643
2014,Canada,35082,226875
2015,Canada,24547,118394
2016,Canada,13711,71096
2017,Canada,6075,30658
2018,Canada,5308,20414
2019,Canada,1589,6933
2020,Canada,1672,8431
2021,Canada,1172,6157
2022,Canada,1183,5784
2023,Canada,11539,42179
2024,Canada,4320,35179
2009,Catar,0,0
2010,Catar,0,0
2011,Catar,0,0
2012,Catar,0,0
2013,Catar,0,0
2014,Catar,0,0
2015,Catar,0,0
2016,Catar,0,0
2017,Catar,13338,81606
2018,Catar,0,0
2019,Catar,0,0
2020,Catar,0,0
2021,Catar,1,2
2022,Catar,0,0
2023,Catar,5,18
2024,Catar,0,0
2009,Ilhas Cayman,0,0
2010,Ilhas Cayman,0,0
2011,Ilhas Cayman,0,0
2012,Ilhas Cayman,0,0
2013,Ilhas Cayman,0,0
2014,Ilhas Cayman,0,0
2015,Ilhas Cayman,0,0
2016,Ilhas Cayman,0,0
2017,Ilhas Cayman,0,0
2018,Ilhas Cayman,19,203
2019,Ilhas Cayman,19,106
2020,Ilhas Cayman,123,339
2021,Ilhas Cayman,104,356
2022,Ilhas Cayman,160,958
2023,Ilhas Cayman,438,2632
2024,Ilhas Cayman,180,591
2009,Chile,1475,4297
2010,Chile,0,0
2011,Chile,0,0
2012,Chile,8550,15438
2013,Chile,0,0
2014,Chile,0,0
2015,Chile,0,0
2016,Chile,0,0
2017,Chile,0,0
2018,Chile,11049,42832
2019,Chile,0,0
2020,Chile,11,13
2021,Chile,26,6
2022,Chile,2094,7986
2023,Chile,9,63
2024,Chile,0,0
2009,China,1553416,482400
2010,China,795,2358
2011,China,54156,334867
2012,China,87905,642177
2013,China,40929,279956
2014,China,64040,455340
2015,China,47609,222866
2016,China,134106,499622
2017,China,67594,266086
2018,China,30835,126336
2019,China,129852,376828
2020,China,122253,363000
2021,China,61884,264116
2022,China,105395,404647
2023,China,73917,183096
2024,China,34231,182595
2009,Chipre,0,0
2010,Chipre,0,0
2011,Chipre,0,0
2012,Chipre,0,0
2013,Chipre,0,0
2014,Chipre,0,0
2015,Chipre,0,0
2016,Chipre,0,0
2017,Chipre,0,0
2018,Chipre,279,480
2019,Chipre,672,1843
2020,Chipre,2478,6785
2021,Chipre,1855,4530
2022,Chipre,1521,4458
2023,Chipre,524,2995
2024,Chipre,988,4308
2009,Cingapura,2419,6110
2010,Cingapura,1533,5504
2011,Cingapura,911,3317
2012,Cingapura,1212,5310
2013,Cingapura,766,5779
2014,Cingapura,541,3887
2015,Cingapura,1116,2774
2016,Cingapura,5445,13199
2017,Cingapura,0,0
2018,Cingapura,3298,11616
2019,Cingapura,5044,19099
2020,Cingapura,4049,9316
2021,Cingapura,0,0
2022,Cingapura,0,0
2023,Cingapura,0,0
2024,Cingapura,0,0
2009,"Cocos (Keeling), Ilhas",0,0
2010,"Cocos (Keeling), Ilhas",0,0
2011,"Cocos (Keeling), Ilhas",0,0
2012,"Cocos (Keeling), Ilhas",0,0
2013,"Cocos (Keeling), Ilhas",0,0
2014,"Cocos (Keeling), Ilhas",0,0
2015,"Cocos (Keeling), Ilhas",0,0
2016,"Cocos (Keeling), Ilhas",0,0
2017,"Cocos (Keeling), Ilhas",0,0
2018,"Cocos (Keeling), Ilhas",0,0
2019,"Cocos (Keeling), Ilhas",0,0
2020,"Cocos (Keeling), Ilhas",0,0
2021,"Cocos (Keeling), Ilhas",0,0
2022,"Cocos (Keeling), Ilhas",26,60
2023,"Cocos (Keeling), Ilhas",0,0
2024,"Cocos (Keeling), Ilhas",0,0
2009,Colombia,0,0
2010,Colombia,0,0
2011,Colombia,0,0
2012,Colombia,0,0
2013,Colombia,8,30
2014,Colombia,0,0
2015,Colombia,0,0
2016,Colombia,0,0
2017,Colombia,0,0
2018,Colombia,6944,26273
2019,Colombia,897,1999
2020,Colombia,15660,23780
2021,Colombia,12160,21867
2022,Colombia,8217,14068
2023,Colombia,450,1259
2024,Colombia,0,0
2009,Comores,0,0
2010,Comores,0,0
2011,Comores,0,0
2012,Comores,0,0
2013,Comores,0,0
2014,Comores,0,0
2015,Comores,0,0
2016,Comores,0,0
2017,Comores,0,0
2018,Comores,0,0
2019,Comores,0,0
2020,Comores,9,25
2021,Comores,0,0
2022,Comores,0,0
2023,Comores,0,0
2024,Comores,0,0
2009,Congo,0,0
2010,Congo,0,0
2011,Congo,360,570
2012,Congo,0,0
2013,Congo,0,0
2014,Congo,0,0
2015,Congo,0,0
2016,Congo,0,0
2017,Congo,0,0
2018,Congo,0,0
2019,Congo,0,0
2020,Congo,0,0
2021,Congo,0,0
2022,Congo,0,0
2023,Congo,17100,26600
2024,Congo,2340,3753
2009,Coreia do Sul,0,0
2010,Coreia do Sul,0,0
2011,Coreia do Sul,0,0
2012,Coreia do Sul,0,0
2013,Coreia do Sul,0,0
2014,Coreia do Sul,0,0
2015,Coreia do Sul,0,0
2016,Coreia do Sul,8,20
2017,Coreia do Sul,0,0
2018,Coreia do Sul,120,109
2019,Coreia do Sul,70,194
2020,Coreia do Sul,103,433
2021,Coreia do Sul,67,100
2022,Coreia do Sul,77,257
2023,Coreia do Sul,25,171
2024,Coreia do Sul,173,1050
2009,Costa do Marfim,0,0
2010,Costa do Marfim,0,0
2011,Costa do Marfim,0,0
2012,Costa do Marfim,0,0
2013,Costa do Marfim,0,0
2014,Costa do Marfim,0,0
2015,Costa do Marfim,0,0
2016,Costa do Marfim,0,0
2017,Costa do Marfim,0,0
2018,Costa do Marfim,0,0
2019,Costa do Marfim,0,0
2020,Costa do Marfim,0,0
2021,Costa do Marfim,0,0
2022,Costa do Marfim,0,0
2023,Costa do Marfim,0,0
2024,Costa do Marfim,0,0
2009,Costa Rica,0,0
2010,Costa Rica,0,0
2011,Costa Rica,0,0
2012,Costa Rica,0,0
2013,Costa Rica,0,0
2014,Costa Rica,0,0
2015,Costa Rica,0,0
2016,Costa Rica,0,0
2017,Costa Rica,0,0
2018,Costa Rica,0,0
2019,Costa Rica,0,0
2020,Costa Rica,0,0
2021,Costa Rica,0,0
2022,Costa Rica,0,0
2023,Costa Rica,0,0
2024,Costa Rica,0,0
2009,Coveite (Kuweit),0,0
2010,Coveite (Kuweit),0,0
2011,Coveite (Kuweit),0,0
2012,Coveite (Kuweit),0,0
2013,Coveite (Kuweit),0,0
2014,Coveite (Kuweit),0,0
2015,Coveite (Kuweit),0,0
2016,Coveite (Kuweit),0,0
2017,Coveite (Kuweit),0,0
2018,Coveite (Kuweit),0,0
2019,Coveite (Kuweit),0,0
2020,Coveite (Kuweit),0,0
2021,Coveite (Kuweit),0,0
2022,Coveite (Kuweit),0,0
2023,Coveite (Kuweit),0,0
2024,Coveite (Kuweit),16,72
2009,Croacia,0,0
2010,Croacia,0,0
2011,Croacia,0,0
2012,Croacia,0,0
2013,Croacia,0,0
2014,Croacia,0,0
2015,Croacia,0,0
2016,Croacia,0,0
2017,Croacia,0,0
2018,Croacia,0,0
2019,Croacia,0,0
2020,Croacia,21,123
2021,Croacia,0,0
2022,Croacia,34,484
2023,Croacia,0,0
2024,Croacia,23,44
2009,Cuba,0,0
2010,Cuba,0,0
2011,Cuba,2880,4899
2012,Cuba,0,0
2013,Cuba,0,0
2014,Cuba,38875,43200
2015,Cuba,97965,108864
2016,Cuba,63741,69830
2017,Cuba,62791,72229
2018,Cuba,4776,5584
2019,Cuba,0,0
2020,Cuba,0,0
2021,Cuba,0,0
2022,Cuba,16,6
2023,Cuba,0,0
2024,Cuba,0,0
2009,Curacao,0,0
2010,Curacao,0,0
2011,Curacao,0,0
2012,Curacao,0,0
2013,Curacao,0,0
2014,Curacao,0,0
2015,Curacao,0,0
2016,Curacao,0,0
2017,Curacao,12340,23011
2018,Curacao,23930,43676
2019,Curacao,33951,62067
2020,Curacao,47962,65986
2021,Curacao,32263,58993
2022,Curacao,40673,66950
2023,Curacao,25135,40807
2024,Curacao,25146,50990
2009,Dinamarca,1980,21780
2010,Dinamarca,7034,69161
2011,Dinamarca,32797,83057
2012,Dinamarca,4716,23802
2013,Dinamarca,17892,101915
2014,Dinamarca,3240,16871
2015,Dinamarca,7080,29306
2016,Dinamarca,1278,8171
2017,Dinamarca,581,2829
2018,Dinamarca,0,0
2019,Dinamarca,240,306
2020,Dinamarca,659,1962
2021,Dinamarca,87,504
2022,Dinamarca,2,6
2023,Dinamarca,1734,15261
2024,Dinamarca,11,185
2009,Dominica,0,0
2010,Dominica,0,0
2011,Dominica,0,0
2012,Dominica,0,0
2013,Dominica,0,0
2014,Dominica,0,0
2015,Dominica,0,0
2016,Dominica,0,0
2017,Dominica,0,0
2018,Dominica,0,0
2019,Dominica,0,0
2020,Dominica,0,0
2021,Dominica,460,634
2022,Dominica,1485,2223
2023,Dominica,0,0
2024,Dominica,947,4545
2009,El Salvador,55,100
2010,El Salvador,0,0
2011,El Salvador,0,0
2012,El Salvador,0,0
2013,El Salvador,0,0
2014,El Salvador,0,0
2015,El Salvador,0,0
2016,El Salvador,0,0
2017,El Salvador,0,0
2018,El Salvador,0,0
2019,El Salvador,0,0
2020,El Salvador,0,0
2021,El Salvador,0,0
2022,El Salvador,0,0
2023,El Salvador,0,0
2024,El Salvador,0,0
2009,Emirados Arabes Unidos,1398,4032
2010,Emirados Arabes Unidos,1035,3206
2011,Emirados Arabes Unidos,2120,6594
2012,Emirados Arabes Unidos,675,3300
2013,Emirados Arabes Unidos,0,0
2014,Emirados Arabes Unidos,640,3381
2015,Emirados Arabes Unidos,765,3740
2016,Emirados Arabes Unidos,585,2760
2017,Emirados Arabes Unidos,675,3302
2018,Emirados Arabes Unidos,360,1762
2019,Emirados Arabes Unidos,450,2202
2020,Emirados Arabes Unidos,581,2279
2021,Emirados Arabes Unidos,810,10522
2022,Emirados Arabes Unidos,4781,85465
2023,Emirados Arabes Unidos,1417,6762
2024,Emirados Arabes Unidos,1688,8253
2009,Equador,0,0
2010,Equador,0,0
2011,Equador,0,0
2012,Equador,0,0
2013,Equador,0,0
2014,Equador,0,0
2015,Equador,0,0
2016,Equador,0,0
2017,Equador,0,0
2018,Equador,0,0
2019,Equador,2,3
2020,Equador,3780,3824
2021,Equador,0,0
2022,Equador,135,210
2023,Equador,2790,4392
2024,Equador,0,0
2009,Eslovaquia,0,0
2010,Eslovaquia,0,0
2011,Eslovaquia,0,0
2012,Eslovaquia,0,0
2013,Eslovaquia,0,0
2014,Eslovaquia,0,0
2015,Eslovaquia,0,0
2016,Eslovaquia,0,0
2017,Eslovaquia,0,0
2018,Eslovaquia,0,0
2019,Eslovaquia,0,0
2020,Eslovaquia,0,0
2021,Eslovaquia,0,0
2022,Eslovaquia,0,0
2023,Eslovaquia,0,0
2024,Eslovaquia,0,0
2009,Espanha,2181,4050
2010,Espanha,0,0
2011,Espanha,5206,24618
2012,Espanha,0,0
2013,Espanha,1972980,3748940
2014,Espanha,0,0
2015,Espanha,0,0
2016,Espanha,0,0
2017,Espanha,0,0
2018,Espanha,6123,22631
2019,Espanha,3540,1353
2020,Espanha,28,126
2021,Espanha,0,0
2022,Espanha,0,0
2023,Espanha,180,4171
2024,Espanha,191,2062
2009,Estados Unidos,372319,660066
2010,Estados Unidos,228968,478630
2011,Estados Unidos,306787,1030254
2012,Estados Unidos,146585,303986
2013,Estados Unidos,245368,786556
2014,Estados Unidos,222267,494216
2015,Estados Unidos,195896,524109
2016,Estados Unidos,258072,687411
2017,Estados Unidos,132688,1523699
2018,Estados Unidos,169109,512519
2019,Estados Unidos,209765,616274
2020,Estados Unidos,300178,610793
2021,Estados Unidos,111085,203554
2022,Estados Unidos,220373,447893
2023,Estados Unidos,229839,429091
2024,Estados Unidos,310410,648724
2009,Estonia,5438,10802
2010,Estonia,15848,40778
2011,Estonia,450,5336
2012,Estonia,3321,19384
2013,Estonia,0,0
2014,Estonia,0,0
2015,Estonia,0,0
2016,Estonia,900,4800
2017,Estonia,0,0
2018,Estonia,0,0
2019,Estonia,0,0
2020,Estonia,0,0
2021,Estonia,0,0
2022,Estonia,0,0
2023,Estonia,0,0
2024,Estonia,0,0
2009,Filipinas,0,0
2010,Filipinas,0,0
2011,Filipinas,0,0
2012,Filipinas,0,0
2013,Filipinas,0,0
2014,Filipinas,0,0
2015,Filipinas,0,0
2016,Filipinas,0,0
2017,Filipinas,0,0
2018,Filipinas,9608,16205
2019,Filipinas,736,2486
2020,Filipinas,719,1548
2021,Filipinas,2784,10368
2022,Filipinas,375,790
2023,Filipinas,94,334
2024,Filipinas,11514,27378
2009,Finlandia,0,0
2010,Finlandia,0,0
2011,Finlandia,12404,50394
2012,Finlandia,17100,67959
2013,Finlandia,36682,283114
2014,Finlandia,12960,94962
2015,Finlandia,0,0
2016,Finlandia,7617,41003
2017,Finlandia,0,0
2018,Finlandia,0,0
2019,Finlandia,0,0
2020,Finlandia,0,0
2021,Finlandia,0,0
2022,Finlandia,0,0
2023,Finlandia,5,11
2024,Finlandia,0,0
2009,Franca,0,0
2010,Franca,3614,18904
2011,Franca,0,0
2012,Franca,195604,185791
2013,Franca,6885,42256
2014,Franca,33755,167807
2015,Franca,1596,4749
2016,Franca,6037,30055
2017,Franca,4253,21654
2018,Franca,11077,48677
2019,Franca,18286,67072
2020,Franca,12622,57144
2021,Franca,7052,23742
2022,Franca,5694,25008
2023,Franca,2265,14722
2024,Franca,3729,29768
2009,Gabao,0,0
2010,Gabao,0,0
2011,Gabao,0,0
2012,Gabao,0,0
2013,Gabao,0,0
2014,Gabao,0,0
2015,Gabao,0,0
2016,Gabao,0,0
2017,Gabao,0,0
2018,Gabao,0,0
2019,Gabao,0,0
2020,Gabao,0,0
2021,Gabao,0,0
2022,Gabao,0,0
2023,Gabao,0,0
2024,Gabao,5,18
2009,Gana,0,0
2010,Gana,0,0
2011,Gana,0,0
2012,Gana,0,0
2013,Gana,0,0
2014,Gana,0,0
2015,Gana,0,0
2016,Gana,0,0
2017,Gana,0,0
2018,Gana,9000,13502
2019,Gana,7673,10010
2020,Gana,18810,22027
2021,Gana,12578,19196
2022,Gana,35949,49304
2023,Gana,7237,29473
2024,Gana,54828,91317
2009,Gibraltar,0,0
2010,Gibraltar,0,0
2011,Gibraltar,0,0
2012,Gibraltar,0,0
2013,Gibraltar,0,0
2014,Gibraltar,0,0
2015,Gibraltar,0,0
2016,Gibraltar,0,0
2017,Gibraltar,0,0
2018,Gibraltar,0,0
2019,Gibraltar,23,93
2020,Gibraltar,769,2860
2021,Gibraltar,0,0
2022,Gibraltar,0,0
2023,Gibraltar,0,0
2024,Gibraltar,5,13
2009,Granada,0,0
2010,Granada,0,0
2011,Granada,0,0
2012,Granada,0,0
2013,Granada,0,0
2014,Granada,0,0
2015,Granada,0,0
2016,Granada,0,0
2017,Granada,0,0
2018,Granada,0,0
2019,Granada,0,0
2020,Granada,0,0
2021,Granada,0,0
2022,Granada,5610,7914
2023,Granada,0,0
2024,Granada,0,0
2009,Grecia,0,0
2010,Grecia,0,0
2011,Grecia,0,0
2012,Grecia,0,0
2013,Grecia,0,0
2014,Grecia,0,0
2015,Grecia,0,0
2016,Grecia,0,0
2017,Grecia,0,0
2018,Grecia,232,730
2019,Grecia,561,1994
2020,Grecia,6859,18092
2021,Grecia,908,3014
2022,Grecia,920,2426
2023,Grecia,1294,3214
2024,Grecia,617,2051
2009,Guatemala,20,20
2010,Guatemala,0,0
2011,Guatemala,0,0
2012,Guatemala,0,0
2013,Guatemala,0,0
2014,Guatemala,0,0
2015,Guatemala,0,0
2016,Guatemala,0,0
2017,Guatemala,0,0
2018,Guatemala,0,0
2019,Guatemala,1597,8719
2020,Guatemala,0,0
2021,Guatemala,17347,29100
2022,Guatemala,1283,5350
2023,Guatemala,2053,3758
2024,Guatemala,7957,14268
2009,Guiana,0,0
2010,Guiana,783,3654
2011,Guiana,0,0
2012,Guiana,0,0
2013,Guiana,0,0
2014,Guiana,0,0
2015,Guiana,0,0
2016,Guiana,0,0
2017,Guiana,0,0
2018,Guiana,0,0
2019,Guiana,424,1311
2020,Guiana,990,2577
2021,Guiana,2372,6525
2022,Guiana,2064,5823
2023,Guiana,33651,88715
2024,Guiana,115884,349244
2009,Guiana Francesa,0,0
2010,Guiana Francesa,0,0
2011,Guiana Francesa,0,0
2012,Guiana Francesa,0,0
2013,Guiana Francesa,0,0
2014,Guiana Francesa,0,0
2015,Guiana Francesa,0,0
2016,Guiana Francesa,0,0
2017,Guiana Francesa,0,0
2018,Guiana Francesa,0,0
2019,Guiana Francesa,0,0
2020,Guiana Francesa,0,0
2021,Guiana Francesa,90,32
2022,Guiana Francesa,22,18
2023,Guiana Francesa,0,0
2024,Guiana Francesa,0,0
2009,Guine-Bissau,0,0
2010,Guine-Bissau,0,0
2011,Guine-Bissau,0,0
2012,Guine-Bissau,0,0
2013,Guine-Bissau,0,0
2014,Guine-Bissau,0,0
2015,Guine-Bissau,0,0
2016,Guine-Bissau,0,0
2017,Guine-Bissau,48,90
2018,Guine-Bissau,0,0
2019,Guine-Bissau,0,0
2020,Guine-Bissau,0,0
2021,Guine-Bissau,0,0
2022,Guine-Bissau,0,0
2023,Guine-Bissau,0,0
2024,Guine-Bissau,0,0
2009,Guine Equatorial,169,272
2010,Guine Equatorial,410,1015
2011,Guine Equatorial,956,1979
2012,Guine Equatorial,819,2530
2013,Guine Equatorial,1108,5336
2014,Guine Equatorial,5646,11983
2015,Guine Equatorial,0,0
2016,Guine Equatorial,0,0
2017,Guine Equatorial,2639,30563
2018,Guine Equatorial,8389,26808
2019,Guine Equatorial,0,0
2020,Guine Equatorial,0,0
2021,Guine Equatorial,0,0
2022,Guine Equatorial,0,0
2023,Guine Equatorial,0,0
2024,Guine Equatorial,2250,4279
2009,Haiti,4500,5863
2010,Haiti,2700,3750
2011,Haiti,0,0
2012,Haiti,0,0
2013,Haiti,0,0
2014,Haiti,0,0
2015,Haiti,0,0
2016,Haiti,0,0
2017,Haiti,0,0
2018,Haiti,79500,144425
2019,Haiti,81873,129803
2020,Haiti,399128,471152
2021,Haiti,670379,831181
2022,Haiti,553503,741014
2023,Haiti,559645,871661
2024,Haiti,450690,713158
2009,Honduras,14,30
2010,Honduras,0,0
2011,Honduras,0,0
2012,Honduras,0,0
2013,Honduras,0,0
2014,Honduras,0,0
2015,Honduras,0,0
2016,Honduras,0,0
2017,Honduras,0,0
2018,Honduras,0,0
2019,Honduras,0,0
2020,Honduras,0,0
2021,Honduras,0,0
2022,Honduras,0,0
2023,Honduras,0,0
2024,Honduras,0,0
2009,Hong Kong,50319,27188
2010,Hong Kong,0,0
2011,Hong Kong,2063,7975
2012,Hong Kong,1609,7653
2013,Hong Kong,16013,61224
2014,Hong Kong,18130,63534
2015,Hong Kong,1229,7837
2016,Hong Kong,6975,86199
2017,Hong Kong,1934,8180
2018,Hong Kong,1742,9029
2019,Hong Kong,9651,42020
2020,Hong Kong,15159,41987
2021,Hong Kong,12507,39390
2022,Hong Kong,9371,38218
2023,Hong Kong,16255,71025
2024,Hong Kong,6696,30490
2009,Hungria,0,0
2010,Hungria,540,4103
2011,Hungria,0,0
2012,Hungria,0,0
2013,Hungria,0,0
2014,Hungria,0,0
2015,Hungria,0,0
2016,Hungria,0,0
2017,Hungria,0,0
2018,Hungria,0,0
2019,Hungria,0,0
2020,Hungria,0,0
2021,Hungria,87,583
2022,Hungria,0,0
2023,Hungria,0,0
2024,Hungria,14,27
2009,Ilha de Man,0,0
2010,Ilha de Man,0,0
2011,Ilha de Man,0,0
2012,Ilha de Man,0,0
2013,Ilha de Man,0,0
2014,Ilha de Man,0,0
2015,Ilha de Man,0,0
2016,Ilha de Man,0,0
2017,Ilha de Man,0,0
2018,Ilha de Man,0,0
2019,Ilha de Man,28,175
2020,Ilha de Man,11,121
2021,Ilha de Man,97,445
2022,Ilha de Man,165,641
2023,Ilha de Man,1428,4533
2024,Ilha de Man,124,587
2009,Ilhas Virgens,0,0
2010,Ilhas Virgens,0,0
2011,Ilhas Virgens,0,0
2012,Ilhas Virgens,0,0
2013,Ilhas Virgens,0,0
2014,Ilhas Virgens,0,0
2015,Ilhas Virgens,0,0
2016,Ilhas Virgens,0,0
2017,Ilhas Virgens,0,0
2018,Ilhas Virgens,0,0
2019,Ilhas Virgens,0,0
2020,Ilhas Virgens,0,0
2021,Ilhas Virgens,0,0
2022,Ilhas Virgens,0,0
2023,Ilhas Virgens,0,0
2024,Ilhas Virgens,0,0
2009,India,0,0
2010,India,0,0
2011,India,0,0
2012,India,0,0
2013,India,0,0
2014,India,0,0
2015,India,0,0
2016,India,0,0
2017,India,0,0
2018,India,0,0
2019,India,51,273
2020,India,7,10
2021,India,13,86
2022,India,247,1021
2023,India,60,170
2024,India,0,0
2009,Indonesia,0,0
2010,Indonesia,0,0
2011,Indonesia,0,0
2012,Indonesia,0,0
2013,Indonesia,0,0
2014,Indonesia,0,0
2015,Indonesia,0,0
2016,Indonesia,0,0
2017,Indonesia,0,0
2018,Indonesia,0,0
2019,Indonesia,0,0
2020,Indonesia,5,6
2021,Indonesia,0,0
2022,Indonesia,0,0
2023,Indonesia,9,30
2024,Indonesia,0,0
2009,Ira,0,0
2010,Ira,0,0
2011,Ira,0,0
2012,Ira,0,0
2013,Ira,0,0
2014,Ira,0,0
2015,Ira,0,0
2016,Ira,0,0
2017,Ira,0,0
2018,Ira,0,0
2019,Ira,0,0
2020,Ira,21,35
2021,Ira,116,287
2022,Ira,47,90
2023,Ira,0,0
2024,Ira,0,0
2009,Iraque,0,0
2010,Iraque,0,0
2011,Iraque,0,0
2012,Iraque,0,0
2013,Iraque,0,0
2014,Iraque,0,0
2015,Iraque,0,0
2016,Iraque,0,0
2017,Iraque,0,0
2018,Iraque,0,0
2019,Iraque,0,0
2020,Iraque,0,0
2021,Iraque,0,0
2022,Iraque,0,0
2023,Iraque,0,0
2024,Iraque,0,0
2009,Irlanda,0,0
2010,Irlanda,3969,42795
2011,Irlanda,5376,35690
2012,Irlanda,0,0
2013,Irlanda,0,0
2014,Irlanda,0,0
2015,Irlanda,0,0
2016,Irlanda,0,0
2017,Irlanda,0,0
2018,Irlanda,7560,25767
2019,Irlanda,0,0
2020,Irlanda,29,257
2021,Irlanda,36,208
2022,Irlanda,0,0
2023,Irlanda,150,377
2024,Irlanda,32,132
2009,Italia,1817,5251
2010,Italia,1458,4828
2011,Italia,11999,80298
2012,Italia,792,5622
2013,Italia,1710,11967
2014,Italia,604,2492
2015,Italia,0,0
2016,Italia,585,3465
2017,Italia,468,2248
2018,Italia,3661,13260
2019,Italia,587,1625
2020,Italia,91,376
2021,Italia,696,3715
2022,Italia,1129,6151
2023,Italia,2922,27665
2024,Italia,2431,11642
2009,Jamaica,0,0
2010,Jamaica,0,0
2011,Jamaica,0,0
2012,Jamaica,0,0
2013,Jamaica,0,0
2014,Jamaica,0,0
2015,Jamaica,0,0
2016,Jamaica,0,0
2017,Jamaica,0,0
2018,Jamaica,0,0
2019,Jamaica,0,0
2020,Jamaica,0,0
2021,Jamaica,0,0
2022,Jamaica,0,0
2023,Jamaica,0,0
2024,Jamaica,0,0
2009,Japao,217974,283436
2010,Japao,112178,74628
2011,Japao,100835,144662
2012,Japao,29281,116961
2013,Japao,91988,429088
2014,Japao,106426,401774
2015,Japao,31597,87853
2016,Japao,34341,90954
2017,Japao,33909,92886
2018,Japao,36992,112342
2019,Japao,40621,99642
2020,Japao,36442,92674
2021,Japao,39491,90275
2022,Japao,37324,82208
2023,Japao,22942,57780
2024,Japao,29320,66956
2009,Jordania,0,0
2010,Jordania,0,0
2011,Jordania,0,0
2012,Jordania,0,0
2013,Jordania,0,0
2014,Jordania,0,0
2015,Jordania,0,0
2016,Jordania,0,0
2017,Jordania,0,0
2018,Jordania,0,0
2019,Jordania,0,0
2020,Jordania,12,52
2021,Jordania,0,0
2022,Jordania,0,0
2023,Jordania,0,0
2024,Jordania,0,0
2009,Letonia,0,0
2010,Letonia,0,0
2011,Letonia,0,0
2012,Letonia,0,0
2013,Letonia,0,0
2014,Letonia,0,0
2015,Letonia,0,0
2016,Letonia,0,0
2017,Letonia,387,3723
2018,Letonia,0,0
2019,Letonia,0,0
2020,Letonia,0,0
2021,Letonia,0,0
2022,Letonia,0,0
2023,Letonia,8,8
2024,Letonia,33273,144229
2009,Libano,0,0
2010,Libano,0,0
2011,Libano,0,0
2012,Libano,0,0
2013,Libano,0,0
2014,Libano,0,0
2015,Libano,0,0
2016,Libano,0,0
2017,Libano,0,0
2018,Libano,0,0
2019,Libano,0,0
2020,Libano,0,0
2021,Libano,0,0
2022,Libano,0,0
2023,Libano,0,0
2024,Libano,0,0
2009,Liberia,0,0
2010,Liberia,0,0
2011,Liberia,0,0
2012,Liberia,0,0
2013,Liberia,0,0
2014,Liberia,0,0
2015,Liberia,0,0
2016,Liberia,0,0
2017,Liberia,0,0
2018,Liberia,658,3100
2019,Liberia,4441,20068
2020,Liberia,5155,17624
2021,Liberia,7554,23060
2022,Liberia,9145,34815
2023,Liberia,39784,42463
2024,Liberia,12024,38576
2009,Luxemburgo,7845,42124
2010,Luxemburgo,7344,32549
2011,Luxemburgo,9547,65592
2012,Luxemburgo,2444,16547
2013,Luxemburgo,5135,29474
2014,Luxemburgo,8281,52400
2015,Luxemburgo,2295,17358
2016,Luxemburgo,2759,21426
2017,Luxemburgo,2719,21947
2018,Luxemburgo,1778,11053
2019,Luxemburgo,1666,11211
2020,Luxemburgo,1086,5110
2021,Luxemburgo,0,0
2022,Luxemburgo,36,802
2023,Luxemburgo,581,7048
2024,Luxemburgo,72,832
2009,Macau,0,0
2010,Macau,0,0
2011,Macau,0,0
2012,Macau,0,0
2013,Macau,0,0
2014,Macau,0,0
2015,Macau,0,0
2016,Macau,0,0
2017,Macau,0,0
2018,Macau,0,0
2019,Macau,0,0
2020,Macau,0,0
2021,Macau,0,0
2022,Macau,0,0
2023,Macau,7,6
2024,Macau,0,0
2009,Malasia,0,0
2010,Malasia,0,0
2011,Malasia,0,0
2012,Malasia,0,0
2013,Malasia,0,0
2014,Malasia,0,0
2015,Malasia,0,0
2016,Malasia,0,0
2017,Malasia,0,0
2018,Malasia,15,33
2019,Malasia,48,110
2020,Malasia,0,0
2021,Malasia,0,0
2022,Malasia,0,0
2023,Malasia,0,0
2024,Malasia,0,0
2009,Malavi,0,0
2010,Malavi,0,0
2011,Malavi,0,0
2012,Malavi,0,0
2013,Malavi,0,0
2014,Malavi,0,0
2015,Malavi,0,0
2016,Malavi,0,0
2017,Malavi,0,0
2018,Malavi,0,0
2019,Malavi,0,0
2020,Malavi,0,0
2021,Malavi,0,0
2022,Malavi,0,0
2023,Malavi,3660,6252
2024,Malavi,0,0
2009,Malta,0,0
2010,Malta,0,0
2011,Malta,0,0
2012,Malta,0,0
2013,Malta,0,0
2014,Malta,0,0
2015,Malta,0,0
2016,Malta,0,0
2017,Malta,0,0
2018,Malta,503,1192
2019,Malta,3661,8828
2020,Malta,3490,9688
2021,Malta,3441,15454
2022,Malta,3127,15587
2023,Malta,6561,24199
2024,Malta,6302,16586
2009,Ilhas Marshall,0,0
2010,Ilhas Marshall,0,0
2011,Ilhas Marshall,0,0
2012,Ilhas Marshall,0,0
2013,Ilhas Marshall,0,0
2014,Ilhas Marshall,0,0
2015,Ilhas Marshall,0,0
2016,Ilhas Marshall,0,0
2017,Ilhas Marshall,0,0
2018,Ilhas Marshall,923,2436
2019,Ilhas Marshall,7276,15786
2020,Ilhas Marshall,6270,19639
2021,Ilhas Marshall,8644,22561
2022,Ilhas Marshall,7240,27178
2023,Ilhas Marshall,7417,31691
2024,Ilhas Marshall,5628,23195
2009,Martinica,0,0
2010,Martinica,0,0
2011,Martinica,0,0
2012,Martinica,0,0
2013,Martinica,0,0
2014,Martinica,0,0
2015,Martinica,0,0
2016,Martinica,0,0
2017,Martinica,0,0
2018,Martinica,0,0
2019,Martinica,0,0
2020,Martinica,0,0
2021,Martinica,0,0
2022,Martinica,0,0
2023,Martinica,9,31
2024,Martinica,0,0
2009,Mauritania,0,0
2010,Mauritania,0,0
2011,Mauritania,0,0
2012,Mauritania,0,0
2013,Mauritania,0,0
2014,Mauritania,0,0
2015,Mauritania,0,0
2016,Mauritania,0,0
2017,Mauritania,0,0
2018,Mauritania,0,0
2019,Mauritania,0,0
2020,Mauritania,0,0
2021,Mauritania,9,85
2022,Mauritania,0,0
2023,Mauritania,0,0
2024,Mauritania,0,0
2009,Mexico,0,0
2010,Mexico,0,0
2011,Mexico,1350,7200
2012,Mexico,0,0
2013,Mexico,0,0
2014,Mexico,1521,24336
2015,Mexico,0,0
2016,Mexico,0,0
2017,Mexico,664,2292
2018,Mexico,2748,9744
2019,Mexico,4,4
2020,Mexico,24,226
2021,Mexico,9,2
2022,Mexico,6,33
2023,Mexico,3,19
2024,Mexico,2277,7938
2009,Mocambique,0,0
2010,Mocambique,0,0
2011,Mocambique,0,0
2012,Mocambique,0,0
2013,Mocambique,0,0
2014,Mocambique,0,0
2015,Mocambique,0,0
2016,Mocambique,0,0
2017,Mocambique,0,0
2018,Mocambique,0,0
2019,Mocambique,0,0
2020,Mocambique,0,0
2021,Mocambique,0,0
2022,Mocambique,383,1927
2023,Mocambique,0,0
2024,Mocambique,0,0
2009,Montenegro,0,0
2010,Montenegro,0,0
2011,Montenegro,0,0
2012,Montenegro,0,0
2013,Montenegro,0,0
2014,Montenegro,0,0
2015,Montenegro,0,0
2016,Montenegro,0,0
2017,Montenegro,0,0
2018,Montenegro,0,0
2019,Montenegro,9,46
2020,Montenegro,9,20
2021,Montenegro,14,65
2022,Montenegro,0,0
2023,Montenegro,0,0
2024,Montenegro,0,0
2009,Namibia,0,0
2010,Namibia,0,0
2011,Namibia,0,0
2012,Namibia,0,0
2013,Namibia,0,0
2014,Namibia,0,0
2015,Namibia,0,0
2016,Namibia,0,0
2017,Namibia,0,0
2018,Namibia,0,0
2019,Namibia,0,0
2020,Namibia,0,0
2021,Namibia,0,0
2022,Namibia,0,0
2023,Namibia,0,0
2024,Namibia,0,0
2009,Nicaragua,24,24
2010,Nicaragua,0,0
2011,Nicaragua,0,0
2012,Nicaragua,0,0
2013,Nicaragua,0,0
2014,Nicaragua,0,0
2015,Nicaragua,0,0
2016,Nicaragua,0,0
2017,Nicaragua,0,0
2018,Nicaragua,0,0
2019,Nicaragua,0,0
2020,Nicaragua,0,0
2021,Nicaragua,0,0
2022,Nicaragua,0,0
2023,Nicaragua,0,0
2024,Nicaragua,0,0
2009,Nigeria,41,115
2010,Nigeria,0,0
2011,Nigeria,54,210
2012,Nigeria,6449,10196
2013,Nigeria,1350,2245
2014,Nigeria,0,0
2015,Nigeria,0,0
2016,Nigeria,0,0
2017,Nigeria,0,0
2018,Nigeria,5175,6250
2019,Nigeria,28437,38555
2020,Nigeria,12094,26514
2021,Nigeria,68247,113172
2022,Nigeria,32234,50283
2023,Nigeria,10800,16464
2024,Nigeria,808,2052
2009,Noruega,0,0
2010,Noruega,0,0
2011,Noruega,10268,78688
2012,Noruega,5104,31515
2013,Noruega,2375,19008
2014,Noruega,7179,50464
2015,Noruega,1058,6021
2016,Noruega,0,0
2017,Noruega,0,0
2018,Noruega,1295,9847
2019,Noruega,628,3139
2020,Noruega,1859,15134
2021,Noruega,1878,8320
2022,Noruega,2711,40316
2023,Noruega,861,4243
2024,Noruega,309,2185
2009,Nova Caledonia,0,0
2010,Nova Caledonia,0,0
2011,Nova Caledonia,0,0
2012,Nova Caledonia,0,0
2013,Nova Caledonia,0,0
2014,Nova Caledonia,0,0
2015,Nova Caledonia,0,0
2016,Nova Caledonia,0,0
2017,Nova Caledonia,0,0
2018,Nova Caledonia,0,0
2019,Nova Caledonia,0,0
2020,Nova Caledonia,0,0
2021,Nova Caledonia,7227,11924
2022,Nova Caledonia,0,0
2023,Nova Caledonia,0,0
2024,Nova Caledonia,0,0
2009,Nova Zelandia,0,0
2010,Nova Zelandia,0,0
2011,Nova Zelandia,2587,7992
2012,Nova Zelandia,2364,8817
2013,Nova Zelandia,1004,4092
2014,Nova Zelandia,2800,13675
2015,Nova Zelandia,809,3476
2016,Nova Zelandia,504,9472
2017,Nova Zelandia,1678,8140
2018,Nova Zelandia,969,5565
2019,Nova Zelandia,500,2832
2020,Nova Zelandia,95,515
2021,Nova Zelandia,657,10477
2022,Nova Zelandia,63,156
2023,Nova Zelandia,338,7177
2024,Nova Zelandia,0,0
2009,Oma,0,0
2010,Oma,0,0
2011,Oma,0,0
2012,Oma,0,0
2013,Oma,0,0
2014,Oma,0,0
2015,Oma,0,0
2016,Oma,0,0
2017,Oma,0,0
2018,Oma,0,0
2019,Oma,0,0
2020,Oma,0,0
2021,Oma,0,0
2022,Oma,194,670
2023,Oma,0,0
2024,Oma,0,0
2009,Holanda,171654,136991
2010,Holanda,87368,302182
2011,Holanda,125414,395356
2012,Holanda,134879,539641
2013,Holanda,57792,255690
2014,Holanda,165289,773767
2015,Holanda,44987,186464
2016,Holanda,42953,190203
2017,Holanda,0,0
2018,Holanda,9451,32395
2019,Holanda,44882,148031
2020,Holanda,248,1532
2021,Holanda,3791,8484
2022,Holanda,7034,37240
2023,Holanda,2244,4958
2024,Holanda,3074,22785
2009,Palau,0,0
2010,Palau,0,0
2011,Palau,0,0
2012,Palau,0,0
2013,Palau,0,0
2014,Palau,0,0
2015,Palau,0,0
2016,Palau,0,0
2017,Palau,0,0
2018,Palau,0,0
2019,Palau,0,0
2020,Palau,0,0
2021,Palau,0,0
2022,Palau,0,0
2023,Palau,45,143
2024,Palau,30,320
2009,Panama,24,30
2010,Panama,0,0
2011,Panama,0,0
2012,Panama,39,2262
2013,Panama,0,0
2014,Panama,0,0
2015,Panama,0,0
2016,Panama,0,0
2017,Panama,0,0
2018,Panama,1183,3117
2019,Panama,7918,29017
2020,Panama,10821,28372
2021,Panama,29520,48444
2022,Panama,11490,49392
2023,Panama,14785,68173
2024,Panama,121432,97549
2009,Paraguai,486927,392087
2010,Paraguai,510989,449197
2011,Paraguai,240168,276281
2012,Paraguai,354824,428279
2013,Paraguai,481564,680828
2014,Paraguai,521847,908028
2015,Paraguai,495428,741370
2016,Paraguai,985739,1655417
2017,Paraguai,2393468,4274650
2018,Paraguai,3234168,5494321
2019,Paraguai,2419537,3826587
2020,Paraguai,3299013,3869243
2021,Paraguai,6522527,7192362
2022,Paraguai,5076670,7156293
2023,Paraguai,3780378,5517263
2024,Paraguai,3705268,5121857
2009,Peru,0,0
2010,Peru,0,0
2011,Peru,0,0
2012,Peru,0,0
2013,Peru,0,0
2014,Peru,0,0
2015,Peru,0,0
2016,Peru,0,0
2017,Peru,0,0
2018,Peru,5193,19372
2019,Peru,9755,17310
2020,Peru,0,0
2021,Peru,9720,17107
2022,Peru,0,0
2023,Peru,47277,84282
2024,Peru,0,0
2009,Pitcairn,0,0
2010,Pitcairn,0,0
2011,Pitcairn,0,0
2012,Pitcairn,0,0
2013,Pitcairn,0,0
2014,Pitcairn,0,0
2015,Pitcairn,0,0
2016,Pitcairn,0,0
2017,Pitcairn,0,0
2018,Pitcairn,0,0
2019,Pitcairn,0,0
2020,Pitcairn,0,0
2021,Pitcairn,0,0
2022,Pitcairn,0,0
2023,Pitcairn,11,22
2024,Pitcairn,0,0
2009,Polonia,6982,35797
2010,Polonia,20464,95198
2011,Polonia,11732,50684
2012,Polonia,21663,89158
2013,Polonia,19249,90960
2014,Polonia,30181,107957
2015,Polonia,11654,42781
2016,Polonia,11457,35402
2017,Polonia,0,0
2018,Polonia,720,4679
2019,Polonia,5,11
2020,Polonia,74,86
2021,Polonia,4,14
2022,Polonia,0,0
2023,Polonia,298,590
2024,Polonia,0,0
2009,Porto Rico,0,0
2010,Porto Rico,0,0
2011,Porto Rico,0,0
2012,Porto Rico,0,0
2013,Porto Rico,0,0
2014,Porto Rico,0,0
2015,Porto Rico,0,0
2016,Porto Rico,0,0
2017,Porto Rico,0,0
2018,Porto Rico,0,0
2019,Porto Rico,0,0
2020,Porto Rico,0,0
2021,Porto Rico,0,0
2022,Porto Rico,0,0
2023,Porto Rico,0,0
2024,Porto Rico,0,0
2009,Portugal,141000,168923
2010,Portugal,4577,18970
2011,Portugal,95,1031
2012,Portugal,47172,47022
2013,Portugal,23810,17627
2014,Portugal,71544,79141
2015,Portugal,47736,42586
2016,Portugal,0,0
2017,Portugal,0,0
2018,Portugal,0,0
2019,Portugal,18328,72413
2020,Portugal,7958,34518
2021,Portugal,6358,42633
2022,Portugal,1918,7613
2023,Portugal,13742,46311
2024,Portugal,26340,50923
2009,Quenia,0,0
2010,Quenia,0,0
2011,Quenia,0,0
2012,Quenia,94,458
2013,Quenia,6,4
2014,Quenia,0,0
2015,Quenia,0,0
2016,Quenia,0,0
2017,Quenia,0,0
2018,Quenia,6771,31225
2019,Quenia,0,0
2020,Quenia,0,0
2021,Quenia,0,0
2022,Quenia,1440,2080
2023,Quenia,0,0
2024,Quenia,0,0
2009,Reino Unido,30092,68788
2010,Reino Unido,123624,295690
2011,Reino Unido,122629,285642
2012,Reino Unido,82937,334856
2013,Reino Unido,59161,305005
2014,Reino Unido,305807,1373747
2015,Reino Unido,68382,308407
2016,Reino Unido,117044,536681
2017,Reino Unido,60711,242883
2018,Reino Unido,67708,296827
2019,Reino Unido,34295,164592
2020,Reino Unido,22913,82722
2021,Reino Unido,25316,122394
2022,Reino Unido,18835,138154
2023,Reino Unido,11326,84547
2024,Reino Unido,14780,106713
2009,Republica Dominicana,0,0
2010,Republica Dominicana,0,0
2011,Republica Dominicana,0,0
2012,Republica Dominicana,0,0
2013,Republica Dominicana,0,0
2014,Republica Dominicana,0,0
2015,Republica Dominicana,0,0
2016,Republica Dominicana,0,0
2017,Republica Dominicana,0,0
2018,Republica Dominicana,0,0
2019,Republica Dominicana,0,0
2020,Republica Dominicana,0,0
2021,Republica Dominicana,0,0
2022,Republica Dominicana,0,0
2023,Republica Dominicana,0,0
2024,Republica Dominicana,0,0
2009,Russia,21912914,5732280
2010,Russia,0,0
2011,Russia,0,0
2012,Russia,4528176,2103968
2013,Russia,5893291,14795694
2014,Russia,190656,61440
2015,Russia,47664,18240
2016,Russia,0,0
2017,Russia,0,0
2018,Russia,0,0
2019,Russia,0,0
2020,Russia,1463,8550
2021,Russia,181931,312926
2022,Russia,66046,118618
2023,Russia,0,0
2024,Russia,56,338
2009,Sao Cristovao e Nevis,0,0
2010,Sao Cristovao e Nevis,0,0
2011,Sao Cristovao e Nevis,0,0
2012,Sao Cristovao e Nevis,0,0
2013,Sao Cristovao e Nevis,0,0
2014,Sao Cristovao e Nevis,0,0
2015,Sao Cristovao e Nevis,0,0
2016,Sao Cristovao e Nevis,0,0
2017,Sao Cristovao e Nevis,0,0
2018,Sao Cristovao e Nevis,0,0
2019,Sao Cristovao e Nevis,0,0
2020,Sao Cristovao e Nevis,0,0
2021,Sao Cristovao e Nevis,0,0
2022,Sao Cristovao e Nevis,0,0
2023,Sao Cristovao e Nevis,16,31
2024,Sao Cristovao e Nevis,0,0
2009,Sao Tome e Principe,0,0
2010,Sao Tome e Principe,0,0
2011,Sao Tome e Principe,0,0
2012,Sao Tome e Principe,0,0
2013,Sao Tome e Principe,0,0
2014,Sao Tome e Principe,0,0
2015,Sao Tome e Principe,0,0
2016,Sao Tome e Principe,0,0
2017,Sao Tome e Principe,0,0
2018,Sao Tome e Principe,2184,2357
2019,Sao Tome e Principe,0,0
2020,Sao Tome e Principe,0,0
2021,Sao Tome e Principe,0,0
2022,Sao Tome e Principe,0,0
2023,Sao Tome e Principe,0,0
2024,Sao Tome e Principe,0,0
2009,Sao Vicente e Granadinas,0,0
2010,Sao Vicente e Granadinas,0,0
2011,Sao Vicente e Granadinas,0,0
2012,Sao Vicente e Granadinas,0,0
2013,Sao Vicente e Granadinas,0,0
2014,Sao Vicente e Granadinas,0,0
2015,Sao Vicente e Granadinas,0,0
2016,Sao Vicente e Granadinas,0,0
2017,Sao Vicente e Granadinas,0,0
2018,Sao Vicente e Granadinas,0,0
2019,Sao Vicente e Granadinas,0,0
2020,Sao Vicente e Granadinas,0,0
2021,Sao Vicente e Granadinas,8,48
2022,Sao Vicente e Granadinas,20,51
2023,Sao Vicente e Granadinas,39,139
2024,Sao Vicente e Granadinas,0,0
2009,Senegal,0,0
2010,Senegal,0,0
2011,Senegal,0,0
2012,Senegal,0,0
2013,Senegal,0,0
2014,Senegal,0,0
2015,Senegal,0,0
2016,Senegal,0,0
2017,Senegal,0,0
2018,Senegal,0,0
2019,Senegal,0,0
2020,Senegal,0,0
2021,Senegal,0,0
2022,Senegal,0,0
2023,Senegal,0,0
2024,Senegal,0,0
2009,Serra Leoa,0,0
2010,Serra Leoa,0,0
2011,Serra Leoa,0,0
2012,Serra Leoa,0,0
2013,Serra Leoa,0,0
2014,Serra Leoa,0,0
2015,Serra Leoa,0,0
2016,Serra Leoa,0,0
2017,Serra Leoa,0,0
2018,Serra Leoa,0,0
2019,Serra Leoa,18,717
2020,Serra Leoa,9240,13050
2021,Serra Leoa,6525,12955
2022,Serra Leoa,8101,15182
2023,Serra Leoa,23200,38548
2024,Serra Leoa,36608,68151
2009,Servia,0,0
2010,Servia,0,0
2011,Servia,0,0
2012,Servia,0,0
2013,Servia,0,0
2014,Servia,0,0
2015,Servia,0,0
2016,Servia,0,0
2017,Servia,0,0
2018,Servia,0,0
2019,Servia,0,0
2020,Servia,0,0
2021,Servia,0,0
2022,Servia,0,0
2023,Servia,0,0
2024,Servia,10482,25379
2009,Singapura,0,0
2010,Singapura,0,0
2011,Singapura,0,0
2012,Singapura,0,0
2013,Singapura,0,0
2014,Singapura,0,0
2015,Singapura,0,0
2016,Singapura,0,0
2017,Singapura,0,0
2018,Singapura,0,0
2019,Singapura,0,0
2020,Singapura,0,0
2021,Singapura,4504,14346
2022,Singapura,4322,15434
2023,Singapura,3941,19781
2024,Singapura,4141,20048
2009,Suazilandia,0,0
2010,Suazilandia,0,0
2011,Suazilandia,0,0
2012,Suazilandia,0,0
2013,Suazilandia,0,0
2014,Suazilandia,0,0
2015,Suazilandia,0,0
2016,Suazilandia,0,0
2017,Suazilandia,0,0
2018,Suazilandia,0,0
2019,Suazilandia,0,0
2020,Suazilandia,0,0
2021,Suazilandia,10,24
2022,Suazilandia,0,0
2023,Suazilandia,0,0
2024,Suazilandia,0,0
2009,Suecia,28334,52826
2010,Suecia,0,0
2011,Suecia,1641,14476
2012,Suecia,2705,17280
2013,Suecia,3195,20183
2014,Suecia,10404,51057
2015,Suecia,1412,6404
2016,Suecia,291,1214
2017,Suecia,15445,64953
2018,Suecia,8062,34563
2019,Suecia,28,761
2020,Suecia,6,24
2021,Suecia,23,74
2022,Suecia,5,18
2023,Suecia,0,0
2024,Suecia,0,0
2009,Suica,27653,81319
2010,Suica,2025,21600
2011,Suica,0,0
2012,Suica,4014,47240
2013,Suica,2997,29785
2014,Suica,27933,231762
2015,Suica,15872,85790
2016,Suica,4230,33340
2017,Suica,6525,74816
2018,Suica,0,0
2019,Suica,2223,28503
2020,Suica,2827,27930
2021,Suica,627,6999
2022,Suica,1584,20863
2023,Suica,2500,28763
2024,Suica,2350,23791
2009,Suriname,3830,12918
2010,Suriname,1836,1269
2011,Suriname,3774,3735
2012,Suriname,396,1288
2013,Suriname,1800,2960
2014,Suriname,6,19
2015,Suriname,453,713
2016,Suriname,900,1375
2017,Suriname,3690,5638
2018,Suriname,0,0
2019,Suriname,3206,4741
2020,Suriname,4185,5277
2021,Suriname,900,1472
2022,Suriname,1225,3360
2023,Suriname,3105,5235
2024,Suriname,27900,71483
2009,Tailandia,0,0
2010,Tailandia,0,0
2011,Tailandia,0,0
2012,Tailandia,0,0
2013,Tailandia,0,0
2014,Tailandia,0,0
2015,Tailandia,0,0
2016,Tailandia,0,0
2017,Tailandia,0,0
2018,Tailandia,8,45
2019,Tailandia,128,832
2020,Tailandia,534,1753
2021,Tailandia,1334,2529
2022,Tailandia,432,1713
2023,Tailandia,189,1387
2024,Tailandia,266,1910
2009,Taiwan,0,0
2010,Taiwan,0,0
2011,Taiwan,4500,10600
2012,Taiwan,0,0
2013,Taiwan,0,0
2014,Taiwan,12519,67907
2015,Taiwan,7200,23940
2016,Taiwan,16967,80379
2017,Taiwan,14988,43954
2018,Taiwan,7589,18421
2019,Taiwan,12,67
2020,Taiwan,963,4673
2021,Taiwan,1313,8153
2022,Taiwan,25,277
2023,Taiwan,4208,19998
2024,Taiwan,0,0
2009,Tanzania,0,0
2010,Tanzania,0,0
2011,Tanzania,0,0
2012,Tanzania,0,0
2013,Tanzania,0,0
2014,Tanzania,0,0
2015,Tanzania,0,0
2016,Tanzania,0,0
2017,Tanzania,0,0
2018,Tanzania,0,0
2019,Tanzania,0,0
2020,Tanzania,0,0
2021,Tanzania,0,0
2022,Tanzania,0,0
2023,Tanzania,0,0
2024,Tanzania,3,35
2009,Republica Tcheca,9269,43902
2010,Republica Tcheca,1091,5285
2011,Republica Tcheca,6846,37271
2012,Republica Tcheca,7960,27789
2013,Republica Tcheca,3697,23549
2014,Republica Tcheca,4500,35005
2015,Republica Tcheca,2297,15304
2016,Republica Tcheca,3837,28473
2017,Republica Tcheca,2746,16947
2018,Republica Tcheca,2712,20980
2019,Republica Tcheca,2115,16391
2020,Republica Tcheca,563,4805
2021,Republica Tcheca,456,5988
2022,Republica Tcheca,1305,9997
2023,Republica Tcheca,405,3348
2024,Republica Tcheca,2273,20973
2009,Togo,0,0
2010,Togo,0,0
2011,Togo,0,0
2012,Togo,0,0
2013,Togo,0,0
2014,Togo,0,0
2015,Togo,0,0
2016,Togo,0,0
2017,Togo,0,0
2018,Togo,0,0
2019,Togo,0,0
2020,Togo,0,0
2021,Togo,1890,2012
2022,Togo,17317,25608
2023,Togo,14550,25235
2024,Togo,27630,48070
2009,Toquelau,0,0
2010,Toquelau,0,0
2011,Toquelau,0,0
2012,Toquelau,0,0
2013,Toquelau,0,0
2014,Toquelau,0,0
2015,Toquelau,0,0
2016,Toquelau,0,0
2017,Toquelau,0,0
2018,Toquelau,0,0
2019,Toquelau,0,0
2020,Toquelau,0,0
2021,Toquelau,0,0
2022,Toquelau,0,0
2023,Toquelau,3,10
2024,Toquelau,0,0
2009,Trindade e Tobago,0,0
2010,Trindade e Tobago,0,0
2011,Trindade e Tobago,0,0
2012,Trindade e Tobago,531,2720
2013,Trindade e Tobago,0,0
2014,Trindade e Tobago,360,1600
2015,Trindade e Tobago,0,0
2016,Trindade e Tobago,0,0
2017,Trindade e Tobago,0,0
2018,Trindade e Tobago,0,0
2019,Trindade e Tobago,0,0
2020,Trindade e Tobago,0,0
2021,Trindade e Tobago,0,0
2022,Trindade e Tobago,0,0
2023,Trindade e Tobago,0,0
2024,Trindade e Tobago,64,199
2009,Tunisia,0,0
2010,Tunisia,0,0
2011,Tunisia,0,0
2012,Tunisia,0,0
2013,Tunisia,0,0
2014,Tunisia,0,0
2015,Tunisia,0,0
2016,Tunisia,0,0
2017,Tunisia,0,0
2018,Tunisia,0,0
2019,Tunisia,0,0
2020,Tunisia,0,0
2021,Tunisia,0,0
2022,Tunisia,0,0
2023,Tunisia,0,0
2024,Tunisia,0,0
2009,Turquia,0,0
2010,Turquia,0,0
2011,Turquia,0,0
2012,Turquia,0,0
2013,Turquia,0,0
2014,Turquia,0,0
2015,Turquia,0,0
2016,Turquia,0,0
2017,Turquia,0,0
2018,Turquia,360,150
2019,Turquia,115,209
2020,Turquia,0,0
2021,Turquia,343,878
2022,Turquia,418,503
2023,Turquia,28104,95421
2024,Turquia,216,540
2009,Tuvalu,0,0
2010,Tuvalu,0,0
2011,Tuvalu,0,0
2012,Tuvalu,0,0
2013,Tuvalu,0,0
2014,Tuvalu,0,0
2015,Tuvalu,0,0
2016,Tuvalu,0,0
2017,Tuvalu,0,0
2018,Tuvalu,0,0
2019,Tuvalu,0,0
2020,Tuvalu,2,4
2021,Tuvalu,0,0
2022,Tuvalu,0,0
2023,Tuvalu,0,0
2024,Tuvalu,0,0
2009,Uruguai,0,0
2010,Uruguai,914,2929
2011,Uruguai,1238,4404
2012,Uruguai,1135,3879
2013,Uruguai,1526,13343
2014,Uruguai,0,0
2015,Uruguai,0,0
2016,Uruguai,0,0
2017,Uruguai,0,0
2018,Uruguai,7711,29617
2019,Uruguai,6180,18497
2020,Uruguai,0,0
2021,Uruguai,136774,149842
2022,Uruguai,637117,997367
2023,Uruguai,326093,454271
2024,Uruguai,36729,62325
2009,Vanuatu,0,0
2010,Vanuatu,0,0
2011,Vanuatu,0,0
2012,Vanuatu,0,0
2013,Vanuatu,0,0
2014,Vanuatu,0,0
2015,Vanuatu,0,0
2016,Vanuatu,0,0
2017,Vanuatu,0,0
2018,Vanuatu,0,0
2019,Vanuatu,0,0
2020,Vanuatu,18,31
2021,Vanuatu,0,0
2022,Vanuatu,0,0
2023,Vanuatu,0,0
2024,Vanuatu,0,0
2009,Venezuela,0,0
2010,Venezuela,0,0
2011,Venezuela,0,0
2012,Venezuela,1029,7492
2013,Venezuela,0,0
2014,Venezuela,14,232
2015,Venezuela,0,0
2016,Venezuela,0,0
2017,Venezuela,680,2646
2018,Venezuela,71,355
2019,Venezuela,0,0
2020,Venezuela,4086,9808
2021,Venezuela,26415,35944
2022,Venezuela,23220,32351
2023,Venezuela,141030,220512
2024,Venezuela,122922,199418
2009,Vietna,743,2143
2010,Vietna,8820,9977
2011,Vietna,0,0
2012,Vietna,0,0
2013,Vietna,0,0
2014,Vietna,0,0
2015,Vietna,0,0
2016,Vietna,0,0
2017,Vietna,0,0
2018,Vietna,0,0
2019,Vietna,20,32
2020,Vietna,86,584
2021,Vietna,0,0
2022,Vietna,130,277
2023,Vietna,72,128
2024,Vietna,16,41
